<?xml version="1.0" encoding="UTF-8"?>
<?mso-application progid="Excel.Sheet"?>
<Workbook xmlns="urn:schemas-microsoft-com:office:spreadsheet"
xmlns:o="urn:schemas-microsoft-com:office:office"
xmlns:x="urn:schemas-microsoft-com:office:excel"
xmlns:ss="urn:schemas-microsoft-com:office:spreadsheet"
xmlns:html="http://www.w3.org/TR/REC-html40">
<Worksheet ss:Name="Table1">
	<Table>
		<Column ss:Index="2" ss:AutoFitWidth="0" ss:Width="110"/>
		<Column ss:Index="3" ss:AutoFitWidth="0" ss:Width="110"/>
		<Column ss:Index="4" ss:AutoFitWidth="0" ss:Width="110"/>
		<Row>
			<Cell><Data ss:Type="String">idRevista</Data></Cell>
			<Cell><Data ss:Type="String">titulo</Data></Cell>
			<Cell><Data ss:Type="String">editora</Data></Cell>
			<Cell><Data ss:Type="String">assunto</Data></Cell>
		</Row>

		<Row>
			<Cell><Data ss:Type="Number">2</Data></Cell>
			<Cell><Data ss:Type="String">Vogue</Data></Cell>
			<Cell><Data ss:Type="String">Prime Editions</Data></Cell>
			<Cell><Data ss:Type="String">Moda</Data></Cell>
		</Row>
		<Row>
			<Cell><Data ss:Type="Number">6</Data></Cell>
			<Cell><Data ss:Type="String">Veja Só</Data></Cell>
			<Cell><Data ss:Type="String">EdiFutura</Data></Cell>
			<Cell><Data ss:Type="String">Notícias</Data></Cell>
		</Row>
		<Row>
			<Cell><Data ss:Type="Number">3</Data></Cell>
			<Cell><Data ss:Type="String">Super Fascinante</Data></Cell>
			<Cell><Data ss:Type="String">Maio</Data></Cell>
			<Cell><Data ss:Type="String">Diversos</Data></Cell>
		</Row>
		<Row>
			<Cell><Data ss:Type="Number">7</Data></Cell>
			<Cell><Data ss:Type="String">Isto não é</Data></Cell>
			<Cell><Data ss:Type="String">Prime Editions</Data></Cell>
			<Cell><Data ss:Type="String">Notícias</Data></Cell>
		</Row>
		<Row>
			<Cell><Data ss:Type="Number">4</Data></Cell>
			<Cell><Data ss:Type="String">DecoraSempre</Data></Cell>
			<Cell><Data ss:Type="String">Maio</Data></Cell>
			<Cell><Data ss:Type="String">Casa</Data></Cell>
		</Row>
		<Row>
			<Cell><Data ss:Type="Number">5</Data></Cell>
			<Cell><Data ss:Type="String">Claudinha</Data></Cell>
			<Cell><Data ss:Type="String">Abril</Data></Cell>
			<Cell><Data ss:Type="String">Moda</Data></Cell>
		</Row>
		<Row>
			<Cell><Data ss:Type="Number">1</Data></Cell>
			<Cell><Data ss:Type="String">Arquitetura e Manutenção</Data></Cell>
			<Cell><Data ss:Type="String">Fechou</Data></Cell>
			<Cell><Data ss:Type="String">Casa</Data></Cell>
		</Row>	</Table>
</Worksheet>
</Workbook>
